t_s,nx_px,pot_px,err_pred_px,omega_out,pot_raw,pot_vel,frame_age_us
380.9507,-58.52,-25.74,-74.42,-31,1971,1314,6602
381.0219,-45.23,28.08,-47.35,-33,2109,1600,6464
381.0840,-31.32,56.55,-30.13,-17,2182,586,6473
381.1562,-5.20,73.71,7.15,-2,2226,263,6746
381.2174,33.91,65.91,55.92,24,2206,-848,6585
381.2892,52.15,30.42,70.08,35,2115,-1241,6402
381.3507,45.06,-11.31,54.99,27,2008,-1163,7130
381.4222,46.29,-44.07,51.54,29,1924,-1246,6427
381.4841,16.10,-67.08,6.13,7,1865,-332,6479
381.5556,-8.45,-65.13,-21.78,-9,1870,338,6589
381.6174,-31.96,-55.38,-53.06,-21,1895,623,6137
381.6887,-50.34,-17.16,-68.43,-32,1993,1872,6541
381.7507,-46.78,23.40,-54.93,-30,2097,1427,8407
381.8220,-39.85,47.58,-41.43,-28,2159,1337,6576
381.8841,-7.30,70.20,4.51,-22,2217,-561,6358
381.9556,-15.52,65.13,-15.52,-6,2204,257,7085
382.0174,66.18,66.69,92.26,17,2208,-490,6273
382.0887,72.24,9.36,80.49,47,2061,-2377,6441
382.1507,47.06,-35.49,43.36,25,1946,-1476,6884
382.2219,31.38,-59.67,25.12,13,1884,-752,5988
382.2841,11.98,-65.13,-0.27,7,1870,-270,6597
382.3559,-26.08,-64.74,-48.13,-18,1871,-57,7061
382.4174,-52.25,-32.76,-73.69,-34,1953,1670,6031
382.4889,-47.70,14.04,-56.61,-31,2073,2289,6960
382.5507,-41.30,44.46,-45.87,-24,2151,1060,6898
382.6220,-23.61,53.04,-15.87,-22,2173,1496,6503
382.6840,10.23,72.15,26.88,8,2222,-214,6762
382.7557,38.83,62.40,58.64,21,2197,-1001,6905
382.8175,48.30,36.27,63.30,31,2130,-1309,6243
382.8888,54.70,-19.11,65.65,34,1988,-1525,6704
382.9507,35.94,-56.94,33.67,22,1891,-1213,6301
383.0223,8.77,-68.25,-1.24,2,1862,-123,6521
383.0841,-13.22,-66.69,-27.54,-8,1866,7,6751
383.1561,-47.47,-49.92,-55.32,-19,1909,884,6238
383.2175,-79.74,-42.90,-91.90,-26,1927,1275,6157
383.2889,-64.88,35.88,-63.62,-35,2129,1958,6817
383.3507,-27.54,66.30,-14.80,-9,2207,811,6492
383.4220,-10.67,69.81,2.28,-1,2216,25,6219
383.4841,19.81,67.08,42.21,5,2209,-210,7210
383.5557,50.33,35.10,74.77,32,2127,-1490,6274
383.6174,49.46,-2.73,61.12,36,2030,-1767,6692
383.6888,37.26,-44.07,41.74,21,1924,-883,6594
383.7507,23.90,-61.62,19.58,17,1879,-753,6023
383.8221,-10.99,-72.15,-26.98,-9,1852,133,6179
383.8841,-36.70,-63.57,-55.18,-20,1874,466,6563
383.9558,-47.44,-28.08,-61.44,-29,1965,1077,6001
384.0175,-49.59,22.62,-56.86,-30,2095,1672,6320
384.0889,-37.53,42.51,-37.47,-27,2146,1707,7680
384.1507,-14.01,70.20,-4.63,-11,2217,560,6330
384.2220,17.10,72.15,35.31,7,2222,-41,6400
384.2841,48.05,44.07,69.52,31,2150,-1150,6846
384.3558,51.20,23.40,64.75,32,2097,-1663,6318
384.4175,48.41,-30.42,56.21,28,1959,-1319,6383
384.4890,29.98,-61.62,26.32,16,1879,-366,6850
384.5507,-0.58,-68.25,-14.55,3,1862,170,6419
384.6221,-23.87,-59.67,-39.19,-18,1884,830,6324
384.6841,-42.72,-39.78,-58.87,-24,1935,1164,6386
384.7552,-61.13,5.07,-78.53,-36,2050,1775,6603
384.8175,-38.08,49.53,-35.49,-24,2164,1721,6148
384.8887,-17.87,68.64,-11.46,-7,2213,505,6665
384.9508,0.14,70.59,12.71,2,2218,1,6401
385.0237,38.97,66.69,61.31,12,2208,-172,10838
385.0841,54.96,37.83,75.50,33,2134,-1382,12349
385.1562,48.50,-12.48,45.44,36,2005,-1443,9005
385.2174,35.00,-48.75,34.17,19,1912,-767,6408
385.2879,14.16,-72.15,4.56,6,1852,-1263,6461
385.3507,-22.97,-65.91,-43.52,-16,1868,135,6419
385.4215,-45.54,-38.22,-64.61,-30,1939,1161,6728
385.4840,-48.94,0.00,-62.17,-30,2037,1449,6117
385.5551,-48.73,35.88,-57.41,-28,2129,1410,6306
385.6173,-27.21,68.64,-21.80,-15,2213,843,6810
385.6881,3.13,72.93,15.64,6,2224,-231,6371
385.7507,30.60,59.28,49.84,20,2189,-1264,6140
385.8215,45.70,34.32,62.26,28,2125,-1382,6600
385.8840,53.56,-13.26,66.05,32,2003,-1381,6094
385.9550,45.15,-37.05,49.26,26,1942,-1167,6186
386.0173,17.17,-66.30,9.48,7,1867,-221,6819
386.0880,-12.29,-66.69,-27.31,-11,1866,245,6489
386.1507,-31.41,-47.97,-47.38,-22,1914,1115,6323
386.2215,-50.47,-13.65,-65.81,-32,2002,1629,6761
386.2840,-55.12,15.21,-64.61,-33,2076,1867,6333
386.3549,-35.17,44.46,-31.09,-29,2151,1178,6228
386.4173,-7.03,74.49,4.59,-1,2228,288,7073
386.4880,22.05,70.59,39.59,13,2218,-356,6288
386.5507,39.16,38.61,54.14,28,2136,-1184,6469
386.6214,56.51,1.56,75.23,30,2041,-1991,6777
386.6840,47.74,-28.47,51.41,33,1964,-1718,6262
386.7549,23.01,-63.18,16.67,15,1875,-634,6166
386.8174,0.55,-68.64,-11.85,-2,1861,-266,6086
386.8883,-27.04,-59.67,-45.79,-18,1884,846,6197
386.9507,-49.09,-27.69,-67.71,-34,1966,1759,6136
387.0214,-52.55,15.60,-63.90,-33,2077,1858,6141
387.0840,-40.39,47.19,-44.48,-22,2158,1155,6738
387.1549,-19.87,62.40,-12.06,-20,2197,883,6450
387.2173,13.11,62.40,29.69,-20,2197,883,7089
387.2882,39.31,62.40,56.82,-20,2197,883,6309
387.3507,45.33,13.26,58.15,28,2071,-1551,6569
387.4213,50.75,-23.01,60.65,28,1978,-1461,6762
387.4840,39.63,-41.73,37.55,30,1930,-1448,6147
387.5548,2.72,-41.73,-11.02,30,1930,-1448,6520
387.6173,-17.06,-65.13,-30.43,-13,1870,572,6370
387.6882,-38.26,-39.00,-56.25,-23,1937,939,6304
387.7506,-57.71,-3.90,-75.85,-34,2027,1706,6723
387.8213,-48.51,44.07,-52.26,-31,2150,1410,6413
387.8840,-17.73,68.25,-9.71,-9,2212,553,6245
387.9548,-4.93,69.42,3.53,-2,2215,-300,7481
388.0173,32.10,69.42,54.67,12,2215,7,6277
388.0881,55.81,39.78,76.59,34,2139,-1455,6629
388.1507,48.65,-14.82,56.68,30,1999,-1357,6578
388.2213,43.37,-43.68,48.55,21,1925,-1260,6043
388.2840,20.14,-67.86,12.03,10,1863,-680,6428
388.3548,-13.94,-69.03,-30.22,-8,1860,225,6650
388.4174,-31.81,-47.97,-47.96,-23,1914,1218,6404
388.4883,-48.26,-13.65,-63.90,-30,2002,1606,6387
388.5507,-57.13,26.13,-69.01,-36,2104,1818,6739
388.6213,-31.57,53.82,-26.73,-25,2175,1683,6311
388.6841,-8.75,70.59,-0.12,-8,2218,140,6405
388.7547,19.39,70.59,36.71,7,2218,-214,7237
388.8174,47.22,44.85,65.77,31,2152,-483,6301
388.8882,54.17,32.37,66.93,32,2120,-1689,6633
388.9507,43.39,-39.00,46.93,24,1937,-1676,6586
389.0216,31.59,-61.23,28.25,17,1880,-887,6216
389.0840,-1.61,-72.15,-17.81,-2,1852,172,6413
389.1548,-28.59,-61.62,-45.99,-18,1879,992,6481
389.2174,-46.29,-26.52,-63.01,-30,1969,1826,5961
389.2882,-51.87,-16.77,-63.04,-31,1994,1742,6332
389.3507,-46.40,40.17,-51.40,-28,2140,2249,7166
389.4216,-16.09,69.03,-6.64,-15,2214,975,6163
389.4878,11.85,69.03,27.34,-15,2214,975,6832
389.5551,39.50,59.28,59.56,23,2189,-968,7809
389.6174,49.19,22.62,64.15,32,2095,-1286,6854
389.6930,55.14,-12.87,67.12,30,2004,-975,7283
389.7507,33.10,-52.26,29.19,23,1903,-1404,6314
389.8217,9.67,-67.08,0.83,2,1865,-20,6188
389.8841,-14.59,-66.69,-29.95,-4,1866,198,6768
389.9549,-48.68,-58.50,-69.03,-21,1887,883,6670
390.0174,-55.80,-1.56,-68.87,-36,2033,1901,6301
390.0883,-45.57,20.28,-50.56,-30,2089,1399,6778
390.1507,-33.54,64.35,-31.51,-18,2202,1174,6491
390.2243,-6.36,76.83,18.06,-3,2234,477,10786
390.2843,32.08,66.69,52.41,22,2208,-998,10777
390.3562,49.13,32.37,64.05,32,2120,-1418,9957
390.4174,48.29,-7.41,56.46,28,2018,282,6288
390.4884,47.03,-41.73,51.78,24,1930,-763,6782
390.5507,19.65,-70.98,8.20,9,1855,-1319,6418
390.6217,-12.67,-67.08,-29.10,-12,1865,781,6515
390.6840,-29.88,-65.13,-44.54,-15,1870,207,6958
390.7558,-50.82,-16.38,-67.51,-32,1995,1680,6435
390.8174,-57.02,-16.38,-67.50,-32,1995,1680,6400
390.8883,-33.05,61.62,-29.07,-20,2195,1031,7195
390.9507,-7.75,70.98,1.87,-3,2219,93,6911
391.0215,17.70,67.86,34.27,12,2211,-387,6706
391.0840,45.67,50.31,64.17,28,2166,-1308,7270
391.1553,57.70,1.95,73.13,35,2042,-1771,6181
391.2174,41.21,-37.44,43.72,24,1941,-1154,6000
391.2881,30.54,-46.41,29.05,19,1918,-588,7019
391.3507,-1.34,-71.37,-16.69,-2,1854,-67,6258
391.4216,-28.06,-62.40,-44.68,-19,1877,608,6368
391.4841,-45.84,-26.13,-62.63,-29,1970,1385,6963
391.5553,-52.58,14.04,-63.86,-34,2073,1886,6290
391.6174,-44.09,42.51,-48.64,-25,2146,1653,6415
391.6881,-18.00,69.42,-7.96,-10,2215,-9,6811
391.7507,8.25,71.76,23.94,-3,2221,-60,6711
391.8215,37.92,58.89,56.39,22,2188,-957,6417
391.8841,48.74,32.76,63.30,31,2121,-1538,7378
391.9553,56.20,-13.65,67.65,33,2002,-1407,6110
392.0173,31.93,-60.45,28.47,18,1882,-1005,6291
392.0881,7.60,-64.74,-1.93,13,1871,-700,7362
392.1508,-13.71,-67.08,-26.44,-9,1865,52,6761
392.2215,-44.90,-53.04,-64.51,-19,1901,1925,7145
392.2841,-57.64,-4.68,-73.97,-36,2025,1603,7392
392.3553,-46.92,39.78,-50.59,-28,2139,992,6225
392.4173,-26.18,66.69,-23.30,-12,2208,888,7261
392.4884,-3.02,71.76,8.27,-3,2221,255,7135
392.5507,32.46,62.01,55.88,21,2196,-1146,6492
392.6215,53.97,27.69,73.07,36,2108,-1578,6597
392.6841,44.33,-5.07,51.39,30,2024,-1659,7151
392.7552,40.56,-43.29,44.71,22,1926,-869,6366
392.8174,23.38,-62.79,16.97,18,1876,-808,6298
392.8890,-15.18,-70.98,-34.09,-6,1855,341,6373
392.9507,-34.48,-62.79,-52.28,-20,1876,385,6021
393.0215,-48.03,-25.74,-64.05,-27,1971,1334,6348
393.0841,-50.81,26.13,-60.18,-32,2104,1742,6944
393.1553,-40.84,58.50,-42.00,-23,2187,1528,6276
393.2174,-4.95,70.98,8.09,0,2219,-238,6758
393.2889,19.36,69.03,37.60,14,2214,-322,6977
393.3507,41.42,39.00,58.09,29,2137,-1320,6482
393.4217,50.21,21.45,64.14,30,2092,-1597,7292
393.4840,49.18,-24.96,57.85,28,1973,-1126,6545
393.5552,28.23,-64.74,21.34,18,1871,-614,6151
393.6174,-7.34,-74.88,-24.53,-8,1845,-843,6531
393.6889,-24.14,-62.01,-39.96,-16,1878,481,6507
393.7507,-43.98,-28.47,-61.08,-24,1964,1252,5875
393.8215,-60.71,-3.90,-77.63,-35,2027,1820,6973
393.8840,-41.98,33.54,-40.74,-36,2123,1762,6667
393.9552,-13.52,70.20,-5.05,-4,2217,304,6264
394.0174,3.30,69.81,16.75,4,2216,-261,6617
394.0890,39.44,54.60,60.65,27,2177,-1108,6933
394.1507,55.55,26.52,73.19,31,2105,-1358,6185
394.2215,48.34,-24.96,55.19,28,1973,-1476,6833
394.2841,36.48,-35.88,36.31,26,1945,-1060,6448
394.3549,12.43,-67.47,2.48,9,1864,-360,6071
394.4174,-20.88,-68.25,-38.98,-9,1862,277,6567
394.4890,-42.64,-40.56,-59.71,-28,1933,1000,5993
394.5507,-49.47,-20.28,-62.89,-28,1985,1640,6252
394.6219,-51.02,26.91,-56.34,-35,2106,1758,6521
394.6841,-24.64,67.08,-18.39,-13,2209,886,6513
394.7549,-3.30,71.37,7.26,1,2220,65,6565
394.8175,30.05,62.79,51.89,19,2198,-854,7320
394.8891,46.65,30.42,63.61,29,2115,-1292,6353
394.9507,55.44,0.00,68.48,33,2037,-1999,6150
395.0224,38.66,-43.29,40.49,25,1926,-2492,6284
395.0840,22.06,-65.13,15.93,11,1870,-300,6453
395.1555,-15.35,-68.64,-33.68,-11,1861,623,6469
395.2176,-39.25,-53.82,-58.41,-25,1899,667,6577
395.2889,-47.16,-14.82,-61.33,-29,1999,1367,6290
395.3507,-50.31,14.82,-59.20,-32,2075,1413,6214
395.4232,-38.61,50.70,-37.67,-28,2167,1549,11106
395.4841,-18.65,76.05,7.85,-12,2232,894,11726
395.5553,37.38,70.98,60.44,26,2219,-1101,6546
395.6176,33.92,37.05,44.83,24,2132,-1693,6870
395.6889,50.69,21.84,67.18,23,2093,-1235,6350
395.7507,56.23,-33.93,63.51,36,1950,-1695,6411
395.8221,19.15,-58.50,10.27,24,1887,-2084,6544
395.8841,7.70,-67.47,1.87,-2,1864,-134,6142
395.9549,-25.71,-64.35,-46.78,-14,1872,208,6500
396.0176,-59.24,-32.37,-80.89,-37,1954,1730,6151
396.0888,-51.90,-20.28,-59.29,-39,1985,1907,6103
396.1507,-37.98,40.56,-40.55,-20,2141,1357,6608
396.2221,-24.14,65.91,-16.66,-17,2206,1117,6930
396.2841,11.64,74.88,29.67,-3,2229,509,6459
396.3549,40.86,59.67,60.87,25,2190,-1443,7026
396.4176,54.25,30.42,75.12,29,2115,-825,6739
396.4887,62.68,-12.48,73.19,40,2005,-1885,6128
396.5508,26.96,-59.67,18.24,13,1884,-957,6726
396.6223,15.45,-61.62,8.52,8,1879,-375,6651
396.6841,-10.79,-64.74,-27.60,-8,1871,160,6631
396.7552,-46.66,-42.12,-68.75,-32,1929,1221,6598
396.8176,-52.61,-12.87,-66.86,-33,2004,1431,6422
396.8889,-46.95,26.91,-52.98,-31,2106,1345,6418
396.9508,-28.23,58.89,-25.66,-20,2188,1051,7054
397.0222,-2.91,70.59,8.55,0,2218,-38,6379
397.0841,31.07,62.01,52.57,20,2196,-1142,6209
397.1554,52.85,29.64,71.60,35,2113,-1553,6611
397.2176,45.57,-5.07,54.62,30,2024,-1582,6312
397.2888,44.45,-21.45,50.51,26,1982,-1283,5984
397.3508,17.32,-65.52,6.96,18,1869,-592,6509
397.4224,-10.99,-71.76,-24.68,3,1853,-849,6183
397.4841,-27.97,-50.70,-44.05,-19,1907,1336,6027
397.5553,-55.11,-50.70,-74.43,-19,1907,1336,6837
397.6176,-50.72,25.74,-57.64,-32,2103,2165,6330
397.6890,-36.08,58.89,-33.70,-21,2188,1036,6678
397.7508,-9.29,71.76,1.66,-2,2221,5,6911
397.8225,15.20,69.42,31.21,8,2215,-46,6249
397.8840,42.51,49.14,61.09,26,2163,-1575,6485
397.9554,54.60,4.29,71.80,30,2048,-1784,6866
398.0176,48.41,-37.05,54.21,29,1942,-1362,6516
398.0891,21.68,-63.18,14.16,12,1875,-695,6349
398.1508,3.86,-65.13,-7.18,0,1870,527,6472
398.2224,-25.24,-65.13,-44.09,0,1870,527,6192
398.2841,-54.01,-32.37,-74.00,-34,1954,1523,6778
398.3578,-52.54,14.82,-60.25,-34,2075,1879,6625
398.4178,-43.92,40.17,-49.70,-22,2140,658,7122
398.4890,-34.14,69.42,-25.91,-21,2215,1009,7710
398.5508,24.78,82.29,51.52,6,2248,-34,7116
398.6245,46.69,62.01,65.53,36,2196,-1405,6893
398.6841,38.76,14.04,48.04,24,2073,-1250,7396
398.7556,54.76,-18.33,68.92,27,1990,-1367,6370
398.8176,41.48,-46.41,39.80,33,1918,-1508,6380
398.8886,-0.57,-72.15,-15.77,-3,1852,-170,6456
398.9507,-12.60,-62.79,-23.28,-13,1876,347,6786
399.0225,-37.82,-40.17,-55.75,-22,1934,759,6638
399.0843,-63.13,-15.99,-82.36,-37,1996,2068,7235
399.1555,-46.43,31.59,-48.95,-34,2118,1729,6579
